month,customer_state,delivery,orders,review_sum
2016-09,SP,Late,1,1
2016-10,AL,On time,1,4
2016-10,BA,On time,3,13
2016-10,CE,On time,6,29
2016-10,DF,On time,6,19
2016-10,ES,On time,3,12
2016-10,GO,On time,7,33
2016-10,MA,On time,3,14
2016-10,MG,On time,34,128
2016-10,MT,On time,1,5
2016-10,PA,On time,4,17
2016-10,PB,On time,1,5
2016-10,PE,On time,6,26
2016-10,PI,On time,1,4
2016-10,PR,On time,19,74
2016-10,RJ,On time,39,154
2016-10,RN,On time,4,20
2016-10,RR,On time,1,4
2016-10,RS,On time,17,69
2016-10,SC,On time,9,35
2016-10,SE,On time,3,14
2016-10,SP,Late,2,5
2016-10,SP,On time,92,367
2016-12,PR,On time,1,5
2017-01,AC,On time,2,4
2017-01,AL,On time,2,6
2017-01,BA,Late,1,2
2017-01,BA,On time,23,94
2017-01,CE,Late,1,1
2017-01,CE,On time,7,31
2017-01,DF,Late,2,4
2017-01,DF,On time,11,41
2017-01,ES,Late,1,1
2017-01,ES,On time,8,35
2017-01,GO,On time,18,79
2017-01,MA,Late,1,1
2017-01,MA,On time,5,24
2017-01,MG,On time,101,438
2017-01,MS,On time,1,5
2017-01,MT,On time,9,29
2017-01,PA,On time,10,44
2017-01,PB,On time,2,9
2017-01,PE,Late,1,1
2017-01,PE,On time,7,33
2017-01,PI,On time,7,33
2017-01,PR,Late,2,2
2017-01,PR,On time,60,274
2017-01,RJ,Late,4,11
2017-01,RJ,On time,84,342
2017-01,RN,On time,5,24
2017-01,RO,On time,3,9
2017-01,RS,Late,1,2
2017-01,RS,On time,50,217
2017-01,SC,Late,1,4
2017-01,SC,On time,25,106
2017-01,SE,On time,4,19
2017-01,SP,Late,7,13
2017-01,SP,On time,273,1164
2017-01,TO,On time,2,9
2017-02,AC,On time,3,15
2017-02,AL,Late,1,1
2017-02,AL,On time,11,51
2017-02,AM,On time,8,39
2017-02,AP,On time,2,9
2017-02,BA,Late,5,17
2017-02,BA,On time,53,211
2017-02,CE,Late,1,3
2017-02,CE,On time,12,54
2017-02,DF,On time,20,92
2017-02,ES,Late,1,1
2017-02,ES,On time,28,115
2017-02,GO,Late,1,1
2017-02,GO,On time,23,100
2017-02,MA,On time,11,51
2017-02,MG,Late,2,6
2017-02,MG,On time,239,995
2017-02,MS,Late,1,5
2017-02,MS,On time,10,45
2017-02,MT,On time,17,65
2017-02,PA,On time,24,107
2017-02,PB,On time,10,44
2017-02,PE,Late,1,1
2017-02,PE,On time,19,84
2017-02,PI,On time,10,40
2017-02,PR,Late,3,5
2017-02,PR,On time,106,440
2017-02,RJ,Late,7,20
2017-02,RJ,On time,221,932
2017-02,RN,On time,8,35
2017-02,RO,On time,9,39
2017-02,RR,On time,2,8
2017-02,RS,Late,3,4
2017-02,RS,On time,97,427
2017-02,SC,Late,1,2
2017-02,SC,On time,54,216
2017-02,SE,On time,12,49
2017-02,SP,Late,19,40
2017-02,SP,On time,581,2507
2017-02,TO,On time,7,30
2017-03,AC,On time,2,9
2017-03,AL,Late,2,2
2017-03,AL,On time,8,39
2017-03,AM,Late,1,5
2017-03,AM,On time,4,20
2017-03,AP,Late,2,9
2017-03,AP,On time,1,5
2017-03,BA,Late,8,27
2017-03,BA,On time,77,300
2017-03,CE,Late,8,11
2017-03,CE,On time,18,68
2017-03,DF,On time,54,233
2017-03,ES,On time,47,207
2017-03,GO,On time,47,186
2017-03,MA,Late,5,13
2017-03,MA,On time,17,65
2017-03,MG,Late,11,23
2017-03,MG,On time,329,1448
2017-03,MS,On time,19,84
2017-03,MT,Late,6,14
2017-03,MT,On time,10,40
2017-03,PA,Late,3,3
2017-03,PA,On time,32,121
2017-03,PB,Late,1,5
2017-03,PB,On time,15,65
2017-03,PE,Late,1,5
2017-03,PE,On time,35,155
2017-03,PI,Late,3,9
2017-03,PI,On time,10,45
2017-03,PR,Late,5,22
2017-03,PR,On time,116,500
2017-03,RJ,Late,19,42
2017-03,RJ,On time,347,1473
2017-03,RN,Late,3,5
2017-03,RN,On time,10,49
2017-03,RO,Late,2,6
2017-03,RO,On time,14,55
2017-03,RR,Late,1,5
2017-03,RR,On time,1,3
2017-03,RS,Late,4,13
2017-03,RS,On time,140,595
2017-03,SC,Late,22,63
2017-03,SC,On time,81,353
2017-03,SE,Late,3,5
2017-03,SE,On time,19,74
2017-03,SP,Late,29,81
2017-03,SP,On time,928,3990
2017-03,TO,On time,7,30
2017-04,AC,On time,5,16
2017-04,AL,Late,10,27
2017-04,AL,On time,11,38
2017-04,AM,On time,13,59
2017-04,BA,Late,14,46
2017-04,BA,On time,69,285
2017-04,CE,Late,6,16
2017-04,CE,On time,36,150
2017-04,DF,On time,34,127
2017-04,ES,Late,2,3
2017-04,ES,On time,43,173
2017-04,GO,Late,3,8
2017-04,GO,On time,35,137
2017-04,MA,On time,24,108
2017-04,MG,Late,6,19
2017-04,MG,On time,259,1114
2017-04,MS,Late,1,3
2017-04,MS,On time,14,64
2017-04,MT,Late,2,6
2017-04,MT,On time,23,95
2017-04,PA,On time,36,151
2017-04,PB,Late,3,8
2017-04,PB,On time,16,57
2017-04,PE,Late,3,6
2017-04,PE,On time,33,151
2017-04,PI,On time,10,47
2017-04,PR,Late,4,17
2017-04,PR,On time,108,456
2017-04,RJ,Late,26,65
2017-04,RJ,On time,296,1277
2017-04,RN,Late,1,4
2017-04,RN,On time,9,43
2017-04,RO,Late,1,3
2017-04,RO,On time,6,27
2017-04,RR,On time,2,7
2017-04,RS,Late,4,8
2017-04,RS,On time,128,541
2017-04,SC,Late,13,35
2017-04,SC,On time,87,379
2017-04,SE,Late,3,10
2017-04,SE,On time,9,36
2017-04,SP,Late,73,191
2017-04,SP,On time,796,3399
2017-04,TO,Late,2,6
2017-04,TO,On time,11,52
2017-05,AC,On time,8,33
2017-05,AL,Late,1,1
2017-05,AL,On time,24,98
2017-05,AM,Late,1,1
2017-05,AM,On time,7,30
2017-05,AP,Late,1,5
2017-05,AP,On time,3,13
2017-05,BA,Late,6,17
2017-05,BA,On time,113,454
2017-05,CE,Late,1,1
2017-05,CE,On time,61,273
2017-05,DF,Late,1,2
2017-05,DF,On time,59,263
2017-05,ES,Late,3,8
2017-05,ES,On time,84,374
2017-05,GO,Late,3,3
2017-05,GO,On time,80,345
2017-05,MA,On time,31,134
2017-05,MG,Late,7,15
2017-05,MG,On time,404,1686
2017-05,MS,On time,26,121
2017-05,MT,Late,1,5
2017-05,MT,On time,36,156
2017-05,PA,Late,1,1
2017-05,PA,On time,34,150
2017-05,PB,Late,1,1
2017-05,PB,On time,16,68
2017-05,PE,Late,1,1
2017-05,PE,On time,62,267
2017-05,PI,On time,23,101
2017-05,PR,Late,3,15
2017-05,PR,On time,202,887
2017-05,RJ,Late,14,40
2017-05,RJ,On time,448,1900
2017-05,RN,On time,17,71
2017-05,RO,On time,7,29
2017-05,RR,On time,2,8
2017-05,RS,Late,2,10
2017-05,RS,On time,203,873
2017-05,SC,Late,6,19
2017-05,SC,On time,136,564
2017-05,SE,On time,11,51
2017-05,SP,Late,68,208
2017-05,SP,On time,1283,5531
2017-05,TO,On time,16,66
2017-06,AC,On time,4,19
2017-06,AL,Late,4,9
2017-06,AL,On time,6,25
2017-06,AM,On time,1,2
2017-06,AP,On time,2,9
2017-06,BA,Late,8,22
2017-06,BA,On time,94,358
2017-06,CE,On time,43,180
2017-06,DF,Late,2,7
2017-06,DF,On time,67,267
2017-06,ES,Late,5,16
2017-06,ES,On time,73,319
2017-06,GO,Late,3,11
2017-06,GO,On time,70,287
2017-06,MA,On time,15,60
2017-06,MG,Late,6,14
2017-06,MG,On time,349,1503
2017-06,MS,On time,27,114
2017-06,MT,Late,1,4
2017-06,MT,On time,23,96
2017-06,PA,Late,3,11
2017-06,PA,On time,33,146
2017-06,PB,Late,2,5
2017-06,PB,On time,20,83
2017-06,PE,Late,3,6
2017-06,PE,On time,38,165
2017-06,PI,On time,14,63
2017-06,PR,Late,2,8
2017-06,PR,On time,165,717
2017-06,RJ,Late,14,43
2017-06,RJ,On time,378,1603
2017-06,RN,Late,1,1
2017-06,RN,On time,11,46
2017-06,RO,On time,10,48
2017-06,RR,On time,3,14
2017-06,RS,Late,5,19
2017-06,RS,On time,210,958
2017-06,SC,Late,5,13
2017-06,SC,On time,103,439
2017-06,SE,On time,8,29
2017-06,SP,Late,54,129
2017-06,SP,On time,1218,5231
2017-06,TO,On time,8,38
2017-07,AC,On time,5,22
2017-07,AL,Late,6,10
2017-07,AL,On time,8,38
2017-07,AM,On time,5,19
2017-07,AP,On time,1,4
2017-07,BA,Late,8,23
2017-07,BA,On time,135,567
2017-07,CE,On time,53,229
2017-07,DF,On time,75,330
2017-07,ES,Late,3,5
2017-07,ES,On time,76,312
2017-07,GO,Late,4,14
2017-07,GO,On time,73,328
2017-07,MA,Late,1,3
2017-07,MA,On time,36,146
2017-07,MG,Late,6,14
2017-07,MG,On time,423,1792
2017-07,MS,On time,24,106
2017-07,MT,On time,36,161
2017-07,PA,Late,3,10
2017-07,PA,On time,33,134
2017-07,PB,Late,7,23
2017-07,PB,On time,19,83
2017-07,PE,Late,13,18
2017-07,PE,On time,57,241
2017-07,PI,Late,1,1
2017-07,PI,On time,18,76
2017-07,PR,Late,2,3
2017-07,PR,On time,192,869
2017-07,RJ,Late,19,47
2017-07,RJ,On time,519,2223
2017-07,RN,Late,4,6
2017-07,RN,On time,23,101
2017-07,RO,On time,10,44
2017-07,RR,On time,1,5
2017-07,RS,Late,6,16
2017-07,RS,On time,235,1020
2017-07,SC,Late,8,26
2017-07,SC,On time,144,637
2017-07,SE,On time,13,51
2017-07,SP,Late,38,99
2017-07,SP,On time,1498,6505
2017-07,TO,On time,1,4
2017-08,AC,On time,4,15
2017-08,AL,Late,4,8
2017-08,AL,On time,13,59
2017-08,AM,On time,5,23
2017-08,AP,On time,3,13
2017-08,BA,Late,5,14
2017-08,BA,On time,145,617
2017-08,CE,Late,2,9
2017-08,CE,On time,71,323
2017-08,DF,Late,1,1
2017-08,DF,On time,82,357
2017-08,ES,Late,4,11
2017-08,ES,On time,90,381
2017-08,GO,Late,2,8
2017-08,GO,On time,86,357
2017-08,MA,Late,2,2
2017-08,MA,On time,36,142
2017-08,MG,Late,10,25
2017-08,MG,On time,445,1941
2017-08,MS,On time,23,95
2017-08,MT,On time,36,144
2017-08,PA,On time,57,232
2017-08,PB,Late,1,2
2017-08,PB,On time,15,70
2017-08,PE,Late,14,29
2017-08,PE,On time,69,294
2017-08,PI,Late,1,5
2017-08,PI,On time,19,76
2017-08,PR,On time,219,971
2017-08,RJ,Late,18,58
2017-08,RJ,On time,514,2223
2017-08,RN,Late,2,9
2017-08,RN,On time,18,82
2017-08,RO,On time,14,61
2017-08,RS,Late,24,75
2017-08,RS,On time,271,1178
2017-08,SC,Late,6,17
2017-08,SC,On time,146,630
2017-08,SE,Late,2,5
2017-08,SE,On time,17,76
2017-08,SP,Late,40,117
2017-08,SP,On time,1614,7135
2017-08,TO,On time,15,73
2017-09,AC,Late,1,1
2017-09,AC,On time,4,19
2017-09,AL,Late,8,19
2017-09,AL,On time,11,49
2017-09,AM,On time,8,33
2017-09,AP,On time,2,10
2017-09,BA,Late,32,89
2017-09,BA,On time,133,578
2017-09,CE,Late,2,5
2017-09,CE,On time,72,305
2017-09,DF,Late,10,30
2017-09,DF,On time,84,358
2017-09,ES,Late,3,9
2017-09,ES,On time,89,377
2017-09,GO,Late,4,12
2017-09,GO,On time,80,343
2017-09,MA,Late,4,13
2017-09,MA,On time,37,162
2017-09,MG,Late,5,14
2017-09,MG,On time,486,2136
2017-09,MS,On time,32,129
2017-09,MT,Late,2,9
2017-09,MT,On time,32,127
2017-09,PA,Late,6,15
2017-09,PA,On time,35,156
2017-09,PB,Late,6,23
2017-09,PB,On time,18,81
2017-09,PE,Late,6,12
2017-09,PE,On time,67,284
2017-09,PI,Late,1,5
2017-09,PI,On time,20,80
2017-09,PR,Late,1,4
2017-09,PR,On time,173,733
2017-09,RJ,Late,33,95
2017-09,RJ,On time,551,2395
2017-09,RN,Late,3,5
2017-09,RN,On time,20,81
2017-09,RO,On time,16,67
2017-09,RR,On time,1,4
2017-09,RS,Late,8,19
2017-09,RS,On time,265,1167
2017-09,SC,Late,13,43
2017-09,SC,On time,140,603
2017-09,SE,Late,2,7
2017-09,SE,On time,14,56
2017-09,SP,Late,60,160
2017-09,SP,On time,1502,6584
2017-09,TO,Late,1,4
2017-09,TO,On time,15,65
2017-10,AC,On time,5,19
2017-10,AL,Late,3,8
2017-10,AL,On time,25,108
2017-10,AM,On time,3,15
2017-10,AP,On time,3,13
2017-10,BA,Late,16,28
2017-10,BA,On time,141,585
2017-10,CE,Late,3,7
2017-10,CE,On time,59,237
2017-10,DF,Late,5,9
2017-10,DF,On time,87,360
2017-10,ES,Late,6,24
2017-10,ES,On time,94,403
2017-10,GO,Late,6,21
2017-10,GO,On time,99,439
2017-10,MA,Late,13,30
2017-10,MA,On time,35,148
2017-10,MG,Late,6,15
2017-10,MG,On time,533,2302
2017-10,MS,Late,3,15
2017-10,MS,On time,30,134
2017-10,MT,Late,1,5
2017-10,MT,On time,49,212
2017-10,PA,Late,5,19
2017-10,PA,On time,47,195
2017-10,PB,On time,27,117
2017-10,PE,Late,5,17
2017-10,PE,On time,71,314
2017-10,PI,Late,1,4
2017-10,PI,On time,22,96
2017-10,PR,Late,9,26
2017-10,PR,On time,188,791
2017-10,RJ,Late,49,136
2017-10,RJ,On time,596,2565
2017-10,RN,Late,1,3
2017-10,RN,On time,22,92
2017-10,RO,On time,13,58
2017-10,RR,Late,1,1
2017-10,RR,On time,2,10
2017-10,RS,Late,10,29
2017-10,RS,On time,232,989
2017-10,SC,Late,9,24
2017-10,SC,On time,164,707
2017-10,SE,Late,6,8
2017-10,SE,On time,16,65
2017-10,SP,Late,71,226
2017-10,SP,On time,1641,7015
2017-10,TO,On time,13,51
2017-11,AC,Late,1,3
2017-11,AC,On time,4,15
2017-11,AL,Late,6,17
2017-11,AL,On time,20,88
2017-11,AM,On time,10,47
2017-11,AP,On time,4,18
2017-11,BA,Late,41,99
2017-11,BA,On time,201,845
2017-11,CE,Late,31,65
2017-11,CE,On time,72,294
2017-11,DF,Late,20,38
2017-11,DF,On time,137,580
2017-11,ES,Late,38,99
2017-11,ES,On time,127,527
2017-11,GO,Late,25,61
2017-11,GO,On time,124,543
2017-11,MA,Late,28,68
2017-11,MA,On time,24,95
2017-11,MG,Late,87,258
2017-11,MG,On time,828,3549
2017-11,MS,Late,5,7
2017-11,MS,On time,39,176
2017-11,MT,Late,10,30
2017-11,MT,On time,63,262
2017-11,PA,Late,9,10
2017-11,PA,On time,59,230
2017-11,PB,Late,5,12
2017-11,PB,On time,22,84
2017-11,PE,Late,17,44
2017-11,PE,On time,107,426
2017-11,PI,Late,18,46
2017-11,PI,On time,13,56
2017-11,PR,Late,36,92
2017-11,PR,On time,327,1402
2017-11,RJ,Late,281,608
2017-11,RJ,On time,723,3077
2017-11,RN,Late,8,9
2017-11,RN,On time,33,136
2017-11,RO,On time,17,67
2017-11,RR,Late,1,1
2017-11,RR,On time,1,5
2017-11,RS,Late,63,154
2017-11,RS,On time,344,1416
2017-11,SC,Late,46,92
2017-11,SC,On time,240,1032
2017-11,SE,Late,7,14
2017-11,SE,On time,19,72
2017-11,SP,Late,238,645
2017-11,SP,On time,2641,11284
2017-11,TO,Late,3,6
2017-11,TO,On time,14,63
2017-12,AC,On time,5,24
2017-12,AL,On time,12,53
2017-12,AM,On time,6,28
2017-12,AP,On time,4,16
2017-12,BA,Late,26,70
2017-12,BA,On time,159,666
2017-12,CE,Late,8,21
2017-12,CE,On time,71,301
2017-12,DF,Late,7,19
2017-12,DF,On time,120,510
2017-12,ES,Late,6,17
2017-12,ES,On time,100,429
2017-12,GO,Late,10,24
2017-12,GO,On time,114,474
2017-12,MA,Late,5,8
2017-12,MA,On time,35,125
2017-12,MG,Late,27,75
2017-12,MG,On time,640,2680
2017-12,MS,Late,3,7
2017-12,MS,On time,31,138
2017-12,MT,Late,4,5
2017-12,MT,On time,44,184
2017-12,PA,Late,6,18
2017-12,PA,On time,51,203
2017-12,PB,Late,4,4
2017-12,PB,On time,32,130
2017-12,PE,Late,9,18
2017-12,PE,On time,90,380
2017-12,PI,Late,3,12
2017-12,PI,On time,20,90
2017-12,PR,Late,13,33
2017-12,PR,On time,246,1027
2017-12,RJ,Late,191,378
2017-12,RJ,On time,541,2204
2017-12,RN,Late,2,4
2017-12,RN,On time,28,131
2017-12,RO,On time,11,41
2017-12,RS,Late,30,63
2017-12,RS,On time,245,1034
2017-12,SC,Late,12,39
2017-12,SC,On time,179,751
2017-12,SE,Late,3,9
2017-12,SE,On time,17,77
2017-12,SP,Late,81,213
2017-12,SP,On time,2196,9534
2017-12,TO,Late,1,5
2017-12,TO,On time,13,55
2018-01,AC,On time,6,25
2018-01,AL,Late,13,31
2018-01,AL,On time,23,93
2018-01,AM,On time,12,42
2018-01,AP,On time,11,42
2018-01,BA,Late,14,30
2018-01,BA,On time,210,829
2018-01,CE,Late,9,19
2018-01,CE,On time,65,271
2018-01,DF,Late,6,16
2018-01,DF,On time,128,531
2018-01,ES,Late,16,51
2018-01,ES,On time,128,564
2018-01,GO,Late,7,15
2018-01,GO,On time,136,563
2018-01,MA,Late,4,7
2018-01,MA,On time,50,215
2018-01,MG,Late,32,85
2018-01,MG,On time,811,3446
2018-01,MS,Late,4,13
2018-01,MS,On time,66,289
2018-01,MT,Late,3,7
2018-01,MT,On time,79,329
2018-01,PA,Late,6,11
2018-01,PA,On time,62,245
2018-01,PB,Late,4,12
2018-01,PB,On time,27,125
2018-01,PE,Late,9,15
2018-01,PE,On time,92,399
2018-01,PI,Late,6,7
2018-01,PI,On time,41,182
2018-01,PR,Late,11,27
2018-01,PR,On time,357,1520
2018-01,RJ,Late,123,237
2018-01,RJ,On time,717,3004
2018-01,RN,Late,1,1
2018-01,RN,On time,41,187
2018-01,RO,Late,1,1
2018-01,RO,On time,19,81
2018-01,RR,On time,1,3
2018-01,RS,Late,34,91
2018-01,RS,On time,332,1400
2018-01,SC,Late,36,84
2018-01,SC,On time,269,1131
2018-01,SE,Late,1,1
2018-01,SE,On time,18,82
2018-01,SP,Late,115,262
2018-01,SP,On time,2841,12125
2018-01,TO,On time,16,67
2018-02,AC,On time,3,14
2018-02,AL,Late,9,15
2018-02,AL,On time,17,69
2018-02,AM,Late,1,1
2018-02,AM,On time,7,25
2018-02,AP,On time,2,8
2018-02,BA,Late,45,113
2018-02,BA,On time,163,647
2018-02,CE,Late,36,65
2018-02,CE,On time,48,183
2018-02,DF,Late,25,54
2018-02,DF,On time,145,599
2018-02,ES,Late,24,62
2018-02,ES,On time,123,523
2018-02,GO,Late,30,68
2018-02,GO,On time,114,480
2018-02,MA,Late,20,43
2018-02,MA,On time,35,140
2018-02,MG,Late,82,208
2018-02,MG,On time,701,2944
2018-02,MS,Late,16,39
2018-02,MS,On time,48,205
2018-02,MT,Late,9,17
2018-02,MT,On time,58,251
2018-02,PA,Late,8,19
2018-02,PA,On time,48,200
2018-02,PB,Late,3,9
2018-02,PB,On time,32,126
2018-02,PE,Late,15,48
2018-02,PE,On time,102,428
2018-02,PI,Late,8,19
2018-02,PI,On time,24,95
2018-02,PR,Late,33,91
2018-02,PR,On time,300,1272
2018-02,RJ,Late,312,557
2018-02,RJ,On time,557,2315
2018-02,RN,Late,2,2
2018-02,RN,On time,21,99
2018-02,RO,On time,13,58
2018-02,RR,Late,1,1
2018-02,RR,On time,2,8
2018-02,RS,Late,53,126
2018-02,RS,On time,308,1309
2018-02,SC,Late,64,138
2018-02,SC,On time,188,776
2018-02,SE,Late,2,5
2018-02,SE,On time,13,61
2018-02,SP,Late,225,492
2018-02,SP,On time,2392,10159
2018-02,TO,Late,11,32
2018-02,TO,On time,9,33
2018-03,AC,On time,2,6
2018-03,AL,Late,11,31
2018-03,AL,On time,16,69
2018-03,AM,Late,2,6
2018-03,AM,On time,6,29
2018-03,AP,On time,5,18
2018-03,BA,Late,82,183
2018-03,BA,On time,152,622
2018-03,CE,Late,49,103
2018-03,CE,On time,43,179
2018-03,DF,Late,30,72
2018-03,DF,On time,115,477
2018-03,ES,Late,57,115
2018-03,ES,On time,73,314
2018-03,GO,Late,28,69
2018-03,GO,On time,113,467
2018-03,MA,Late,26,63
2018-03,MA,On time,22,94
2018-03,MG,Late,192,448
2018-03,MG,On time,655,2685
2018-03,MS,Late,23,48
2018-03,MS,On time,34,139
2018-03,MT,Late,13,33
2018-03,MT,On time,38,156
2018-03,PA,Late,34,57
2018-03,PA,On time,31,110
2018-03,PB,Late,5,9
2018-03,PB,On time,34,150
2018-03,PE,Late,24,55
2018-03,PE,On time,82,353
2018-03,PI,Late,11,17
2018-03,PI,On time,22,99
2018-03,PR,Late,56,148
2018-03,PR,On time,312,1293
2018-03,RJ,Late,306,556
2018-03,RJ,On time,542,2206
2018-03,RN,Late,8,19
2018-03,RN,On time,30,132
2018-03,RO,Late,3,8
2018-03,RO,On time,10,36
2018-03,RR,On time,5,19
2018-03,RS,Late,84,176
2018-03,RS,On time,322,1363
2018-03,SC,Late,58,165
2018-03,SC,On time,186,774
2018-03,SE,Late,11,15
2018-03,SE,On time,6,28
2018-03,SP,Late,343,915
2018-03,SP,On time,2616,11292
2018-03,TO,Late,7,20
2018-03,TO,On time,13,49
2018-04,AC,Late,1,1
2018-04,AC,On time,3,12
2018-04,AL,Late,7,17
2018-04,AL,On time,20,79
2018-04,AM,On time,6,28
2018-04,AP,On time,4,17
2018-04,BA,Late,51,120
2018-04,BA,On time,162,699
2018-04,CE,Late,24,55
2018-04,CE,On time,72,309
2018-04,DF,Late,6,18
2018-04,DF,On time,138,592
2018-04,ES,Late,23,64
2018-04,ES,On time,115,478
2018-04,GO,Late,7,12
2018-04,GO,On time,124,543
2018-04,MA,Late,7,23
2018-04,MA,On time,39,164
2018-04,MG,Late,23,64
2018-04,MG,On time,752,3216
2018-04,MS,Late,4,8
2018-04,MS,On time,39,164
2018-04,MT,Late,1,3
2018-04,MT,On time,63,284
2018-04,PA,Late,20,45
2018-04,PA,On time,40,158
2018-04,PB,Late,6,7
2018-04,PB,On time,22,94
2018-04,PE,Late,16,31
2018-04,PE,On time,93,377
2018-04,PI,Late,4,12
2018-04,PI,On time,30,130
2018-04,PR,Late,6,22
2018-04,PR,On time,374,1615
2018-04,RJ,Late,47,115
2018-04,RJ,On time,752,3169
2018-04,RN,Late,11,23
2018-04,RN,On time,20,82
2018-04,RO,On time,11,48
2018-04,RR,Late,1,1
2018-04,RR,On time,1,5
2018-04,RS,Late,12,28
2018-04,RS,On time,332,1440
2018-04,SC,Late,5,12
2018-04,SC,On time,238,1057
2018-04,SE,Late,6,8
2018-04,SE,On time,7,29
2018-04,SP,Late,62,176
2018-04,SP,On time,2926,12663
2018-04,TO,Late,1,5
2018-04,TO,On time,18,76
2018-05,AC,On time,2,8
2018-05,AL,Late,3,12
2018-05,AL,On time,16,75
2018-05,AM,On time,9,44
2018-05,AP,On time,6,29
2018-05,BA,Late,50,142
2018-05,BA,On time,185,758
2018-05,CE,Late,11,43
2018-05,CE,On time,61,265
2018-05,DF,Late,17,51
2018-05,DF,On time,122,540
2018-05,ES,Late,24,75
2018-05,ES,On time,106,462
2018-05,GO,Late,10,30
2018-05,GO,On time,126,508
2018-05,MA,Late,5,17
2018-05,MA,On time,27,112
2018-05,MG,Late,87,257
2018-05,MG,On time,660,2876
2018-05,MS,Late,5,20
2018-05,MS,On time,39,175
2018-05,MT,Late,3,8
2018-05,MT,On time,63,281
2018-05,PA,Late,4,11
2018-05,PA,On time,35,147
2018-05,PB,Late,2,5
2018-05,PB,On time,27,126
2018-05,PE,Late,16,51
2018-05,PE,On time,85,361
2018-05,PI,Late,6,14
2018-05,PI,On time,24,104
2018-05,PR,Late,33,107
2018-05,PR,On time,274,1193
2018-05,RJ,Late,66,189
2018-05,RJ,On time,748,3152
2018-05,RN,Late,2,7
2018-05,RN,On time,20,82
2018-05,RO,On time,17,71
2018-05,RR,On time,1,4
2018-05,RS,Late,11,37
2018-05,RS,On time,338,1468
2018-05,SC,Late,18,56
2018-05,SC,On time,207,912
2018-05,SE,Late,2,2
2018-05,SE,On time,6,25
2018-05,SP,Late,171,548
2018-05,SP,On time,2956,12955
2018-05,TO,Late,4,10
2018-05,TO,On time,12,52
2018-06,AC,On time,3,14
2018-06,AL,On time,24,110
2018-06,AM,On time,7,28
2018-06,AP,On time,2,9
2018-06,BA,Late,14,38
2018-06,BA,On time,183,769
2018-06,CE,On time,72,314
2018-06,DF,Late,1,1
2018-06,DF,On time,145,637
2018-06,ES,Late,6,25
2018-06,ES,On time,117,479
2018-06,GO,Late,1,2
2018-06,GO,On time,104,445
2018-06,MA,Late,6,11
2018-06,MA,On time,35,154
2018-06,MG,Late,1,1
2018-06,MG,On time,707,3077
2018-06,MS,Late,1,4
2018-06,MS,On time,47,206
2018-06,MT,Late,1,3
2018-06,MT,On time,56,235
2018-06,PA,On time,54,239
2018-06,PB,Late,1,1
2018-06,PB,On time,27,113
2018-06,PE,Late,2,3
2018-06,PE,On time,89,407
2018-06,PI,Late,9,21
2018-06,PI,On time,20,86
2018-06,PR,On time,304,1300
2018-06,RJ,Late,10,19
2018-06,RJ,On time,692,2961
2018-06,RN,On time,35,153
2018-06,RO,On time,11,42
2018-06,RR,On time,5,19
2018-06,RS,Late,4,8
2018-06,RS,On time,299,1326
2018-06,SC,On time,205,877
2018-06,SE,On time,25,111
2018-06,SP,Late,26,75
2018-06,SP,On time,2703,11758
2018-06,TO,On time,18,73
2018-07,AC,On time,4,18
2018-07,AL,Late,4,6
2018-07,AL,On time,18,81
2018-07,AM,Late,1,4
2018-07,AM,On time,17,68
2018-07,AP,On time,6,23
2018-07,BA,Late,15,47
2018-07,BA,On time,228,985
2018-07,CE,Late,2,2
2018-07,CE,On time,82,359
2018-07,DF,Late,7,13
2018-07,DF,On time,158,698
2018-07,ES,Late,11,47
2018-07,ES,On time,109,469
2018-07,GO,Late,6,13
2018-07,GO,On time,106,454
2018-07,MA,Late,7,16
2018-07,MA,On time,32,134
2018-07,MG,Late,10,31
2018-07,MG,On time,631,2726
2018-07,MS,Late,2,6
2018-07,MS,On time,47,208
2018-07,MT,On time,47,209
2018-07,PA,Late,3,6
2018-07,PA,On time,54,238
2018-07,PB,Late,2,3
2018-07,PB,On time,49,209
2018-07,PE,Late,8,16
2018-07,PE,On time,128,571
2018-07,PI,Late,3,11
2018-07,PI,On time,28,114
2018-07,PR,Late,6,25
2018-07,PR,On time,306,1353
2018-07,RJ,Late,25,78
2018-07,RJ,On time,663,2898
2018-07,RN,On time,27,119
2018-07,RO,On time,16,70
2018-07,RR,On time,5,25
2018-07,RS,Late,6,23
2018-07,RS,On time,302,1305
2018-07,SC,Late,4,12
2018-07,SC,On time,191,849
2018-07,SE,Late,2,8
2018-07,SE,On time,24,103
2018-07,SP,Late,140,454
2018-07,SP,On time,2554,11207
2018-07,TO,Late,2,10
2018-07,TO,On time,20,90
2018-08,AC,On time,3,15
2018-08,AL,On time,16,70
2018-08,AM,On time,4,15
2018-08,AP,On time,2,10
2018-08,BA,Late,2,8
2018-08,BA,On time,157,675
2018-08,CE,On time,55,241
2018-08,DF,Late,7,18
2018-08,DF,On time,136,588
2018-08,ES,Late,1,5
2018-08,ES,On time,102,440
2018-08,GO,Late,5,17
2018-08,GO,On time,112,490
2018-08,MA,Late,3,11
2018-08,MA,On time,26,113
2018-08,MG,Late,22,87
2018-08,MG,On time,676,2969
2018-08,MS,Late,13,37
2018-08,MS,On time,22,100
2018-08,MT,Late,1,5
2018-08,MT,On time,38,169
2018-08,PA,On time,43,193
2018-08,PB,Late,2,7
2018-08,PB,On time,26,112
2018-08,PE,Late,4,6
2018-08,PE,On time,79,348
2018-08,PI,On time,20,81
2018-08,PR,Late,16,55
2018-08,PR,On time,310,1381
2018-08,RJ,Late,59,166
2018-08,RJ,On time,660,2889
2018-08,RN,Late,1,4
2018-08,RN,On time,19,88
2018-08,RO,On time,8,39
2018-08,RS,Late,14,48
2018-08,RS,On time,278,1244
2018-08,SC,Late,12,45
2018-08,SC,On time,188,829
2018-08,SE,On time,23,100
2018-08,SP,Late,486,1780
2018-08,SP,On time,2666,11726
2018-08,TO,Late,3,14
2018-08,TO,On time,10,46
