month,customer_state,revenue,orders
2016-09,SP,134.97,1
2016-10,AL,49.99,1
2016-10,BA,244.88,3
2016-10,CE,1649.68,6
2016-10,DF,1043.77,6
2016-10,ES,859.79,3
2016-10,GO,904.49,7
2016-10,MA,704.26,4
2016-10,MG,4274.95,35
2016-10,MT,47.8,1
2016-10,PA,1087.6,4
2016-10,PB,49.9,1
2016-10,PE,1249.6,6
2016-10,PI,210.0,1
2016-10,PR,2004.61,19
2016-10,RJ,8217.28,40
2016-10,RN,728.69,4
2016-10,RR,39.7,1
2016-10,RS,2523.55,17
2016-10,SC,2238.06,9
2016-10,SE,285.45,3
2016-10,SP,11911.06,94
2016-12,PR,10.9,1
2017-01,AC,589.6,2
2017-01,AL,393.97,2
2017-01,BA,3788.02,24
2017-01,CE,894.49,8
2017-01,DF,1826.63,13
2017-01,ES,816.2,9
2017-01,GO,4227.49,18
2017-01,MA,563.1,6
2017-01,MG,15753.85,102
2017-01,MS,149.0,1
2017-01,MT,1653.74,9
2017-01,PA,1258.37,10
2017-01,PB,409.8,2
2017-01,PE,1884.48,9
2017-01,PI,1250.85,7
2017-01,PR,5049.63,62
2017-01,RJ,12048.1,91
2017-01,RN,1124.87,5
2017-01,RO,682.19,3
2017-01,RS,11903.98,52
2017-01,SC,5021.57,26
2017-01,SE,263.8,4
2017-01,SP,39614.74,283
2017-01,TO,629.89,2
2017-02,AC,450.4,3
2017-02,AL,2616.03,12
2017-02,AM,902.89,8
2017-02,AP,549.85,2
2017-02,BA,6990.78,58
2017-02,CE,2095.06,13
2017-02,DF,9857.81,21
2017-02,ES,3894.59,31
2017-02,GO,2240.06,24
2017-02,MA,895.28,11
2017-02,MG,28561.32,241
2017-02,MS,7519.79,11
2017-02,MT,2988.4,17
2017-02,PA,9602.59,24
2017-02,PB,1899.83,11
2017-02,PE,2781.91,20
2017-02,PI,3016.69,10
2017-02,PR,17955.81,110
2017-02,RJ,29970.4,230
2017-02,RN,398.9,8
2017-02,RO,1446.26,9
2017-02,RR,50.8,2
2017-02,RS,15003.74,100
2017-02,SC,5977.85,57
2017-02,SE,1861.82,12
2017-02,SP,73928.94,601
2017-02,TO,765.6,7
2017-03,AC,455.99,2
2017-03,AL,1174.79,10
2017-03,AM,631.39,5
2017-03,AP,303.79,3
2017-03,BA,15468.32,87
2017-03,CE,5969.98,26
2017-03,DF,6803.97,54
2017-03,ES,4932.91,47
2017-03,GO,8494.46,47
2017-03,MA,1950.8,22
2017-03,MG,40847.08,343
2017-03,MS,6452.55,19
2017-03,MT,2157.09,16
2017-03,PA,7647.77,35
2017-03,PB,4387.99,16
2017-03,PE,5182.65,36
2017-03,PI,2106.5,13
2017-03,PR,14638.9,121
2017-03,RJ,53373.91,370
2017-03,RN,1741.72,13
2017-03,RO,1864.86,16
2017-03,RR,270.99,2
2017-03,RS,19527.64,144
2017-03,SC,18004.51,104
2017-03,SE,2438.7,22
2017-03,SP,131720.93,966
2017-03,TO,648.66,7
2017-04,AC,1162.38,5
2017-04,AL,4569.12,21
2017-04,AM,836.38,13
2017-04,BA,17863.15,84
2017-04,CE,5731.83,42
2017-04,DF,7497.68,34
2017-04,ES,5420.3,45
2017-04,GO,5321.93,38
2017-04,MA,3048.42,25
2017-04,MG,39224.37,266
2017-04,MS,1904.06,15
2017-04,MT,3282.05,25
2017-04,PA,4776.15,36
2017-04,PB,2957.37,20
2017-04,PE,3646.43,36
2017-04,PI,2138.03,11
2017-04,PR,15553.11,112
2017-04,RJ,56955.59,325
2017-04,RN,1243.87,10
2017-04,RO,843.58,7
2017-04,RR,48.95,2
2017-04,RS,16561.79,132
2017-04,SC,11199.0,100
2017-04,SE,2595.17,13
2017-04,SP,123445.71,873
2017-04,TO,2843.26,13
2017-05,AC,2094.39,8
2017-05,AL,4699.25,26
2017-05,AM,1016.77,8
2017-05,AP,1220.89,4
2017-05,BA,16031.66,119
2017-05,CE,10466.27,62
2017-05,DF,7452.48,60
2017-05,ES,12378.53,90
2017-05,GO,16481.18,83
2017-05,MA,3274.18,31
2017-05,MG,48839.67,412
2017-05,MS,3167.35,26
2017-05,MT,6731.11,37
2017-05,PA,5404.14,35
2017-05,PB,2809.22,17
2017-05,PE,10018.82,63
2017-05,PI,5796.52,23
2017-05,PR,31135.1,206
2017-05,RJ,70967.17,466
2017-05,RN,4683.56,17
2017-05,RO,551.46,8
2017-05,RR,233.11,2
2017-05,RS,28407.76,206
2017-05,SC,21182.79,146
2017-05,SE,681.09,11
2017-05,SP,171540.35,1363
2017-05,TO,2073.43,17
2017-06,AC,385.78,4
2017-06,AL,951.65,10
2017-06,AM,169.99,1
2017-06,AP,252.7,2
2017-06,BA,20109.67,103
2017-06,CE,9560.2,44
2017-06,DF,8205.86,69
2017-06,ES,10345.83,79
2017-06,GO,8797.84,73
2017-06,MA,1687.5,15
2017-06,MG,46275.24,356
2017-06,MS,3807.42,27
2017-06,MT,4261.63,24
2017-06,PA,5496.48,36
2017-06,PB,5731.92,22
2017-06,PE,5489.06,41
2017-06,PI,2147.47,14
2017-06,PR,21153.29,167
2017-06,RJ,53295.95,399
2017-06,RN,1241.36,12
2017-06,RO,1800.92,10
2017-06,RR,93.4,3
2017-06,RS,23519.82,215
2017-06,SC,12874.44,109
2017-06,SE,1308.01,8
2017-06,SP,168994.76,1284
2017-06,TO,3965.18,8
2017-07,AC,618.69,5
2017-07,AL,2238.94,15
2017-07,AM,705.6,5
2017-07,AP,259.9,1
2017-07,BA,18469.74,144
2017-07,CE,7759.52,53
2017-07,DF,10828.02,75
2017-07,ES,7157.2,81
2017-07,GO,8923.19,77
2017-07,MA,6220.44,37
2017-07,MG,53758.88,435
2017-07,MS,3582.95,24
2017-07,MT,10258.78,37
2017-07,PA,4474.02,36
2017-07,PB,4241.06,26
2017-07,PE,9198.42,70
2017-07,PI,2202.01,20
2017-07,PR,24331.1,195
2017-07,RJ,74961.75,547
2017-07,RN,3193.99,27
2017-07,RO,1083.72,10
2017-07,RR,179.9,1
2017-07,RS,28823.99,242
2017-07,SC,18517.48,152
2017-07,SE,1372.09,13
2017-07,SP,178145.64,1543
2017-07,TO,97.5,1
2017-08,AC,637.93,4
2017-08,AL,8889.27,17
2017-08,AM,1276.6,5
2017-08,AP,289.79,3
2017-08,BA,25134.47,152
2017-08,CE,10642.66,73
2017-08,DF,9626.91,83
2017-08,ES,13141.85,94
2017-08,GO,13138.93,89
2017-08,MA,5999.23,38
2017-08,MG,58708.91,459
2017-08,MS,3841.62,24
2017-08,MT,6709.45,38
2017-08,PA,14754.4,57
2017-08,PB,2324.77,16
2017-08,PE,12844.55,83
2017-08,PI,4367.5,20
2017-08,PR,28439.97,220
2017-08,RJ,76334.29,537
2017-08,RN,2545.41,20
2017-08,RO,2236.88,14
2017-08,RS,33491.24,296
2017-08,SC,21798.22,152
2017-08,SE,3521.69,19
2017-08,SP,191870.59,1665
2017-08,TO,2132.57,15
2017-09,AC,1786.89,5
2017-09,AL,4305.39,19
2017-09,AM,1163.28,9
2017-09,AP,364.6,2
2017-09,BA,23658.9,167
2017-09,CE,16652.93,74
2017-09,DF,13200.0,94
2017-09,ES,11235.95,93
2017-09,GO,13183.74,84
2017-09,MA,9440.35,41
2017-09,MG,71516.26,493
2017-09,MS,4902.71,32
2017-09,MT,6861.01,34
2017-09,PA,6218.39,41
2017-09,PB,4989.39,25
2017-09,PE,13009.62,74
2017-09,PI,2848.23,22
2017-09,PR,20882.61,176
2017-09,RJ,93058.28,591
2017-09,RN,3320.04,23
2017-09,RO,4197.99,16
2017-09,RR,39.99,1
2017-09,RS,37058.27,273
2017-09,SC,25545.13,153
2017-09,SE,2815.29,16
2017-09,SP,211451.3,1576
2017-09,TO,3693.13,16
2017-10,AC,683.22,5
2017-10,AL,5344.36,28
2017-10,AM,70.88,3
2017-10,AP,1591.85,3
2017-10,BA,23319.92,158
2017-10,CE,12053.02,63
2017-10,DF,12634.5,92
2017-10,ES,10380.69,100
2017-10,GO,16591.05,106
2017-10,MA,10335.8,48
2017-10,MG,80710.11,542
2017-10,MS,6267.84,33
2017-10,MT,10749.01,50
2017-10,PA,6722.58,52
2017-10,PB,10236.5,28
2017-10,PE,17120.19,77
2017-10,PI,4047.04,23
2017-10,PR,32639.41,198
2017-10,RJ,95492.24,654
2017-10,RN,4202.47,23
2017-10,RO,1609.97,13
2017-10,RR,388.98,3
2017-10,RS,37126.33,244
2017-10,SC,21022.55,174
2017-10,SE,4294.21,22
2017-10,SP,219804.08,1723
2017-10,TO,2808.85,13
2017-11,AC,649.92,5
2017-11,AL,5936.26,26
2017-11,AM,2635.25,10
2017-11,AP,511.88,4
2017-11,BA,28819.04,243
2017-11,CE,18353.59,103
2017-11,DF,26406.16,157
2017-11,ES,23858.76,168
2017-11,GO,20726.21,153
2017-11,MA,9838.59,53
2017-11,MG,132686.09,922
2017-11,MS,5850.88,44
2017-11,MT,11381.71,73
2017-11,PA,11666.53,69
2017-11,PB,4397.59,27
2017-11,PE,19599.24,125
2017-11,PI,2707.81,31
2017-11,PR,45751.34,365
2017-11,RJ,147782.4,1012
2017-11,RN,8215.66,41
2017-11,RO,5852.16,17
2017-11,RR,98.64,2
2017-11,RS,57463.27,409
2017-11,SC,37870.9,288
2017-11,SE,5579.25,26
2017-11,SP,350790.18,2899
2017-11,TO,2336.06,17
2017-12,AC,1100.78,5
2017-12,AL,2223.87,12
2017-12,AM,1029.46,6
2017-12,AP,601.9,4
2017-12,BA,27799.77,188
2017-12,CE,10299.44,79
2017-12,DF,16829.68,129
2017-12,ES,12189.76,108
2017-12,GO,15674.93,125
2017-12,MA,5590.15,40
2017-12,MG,91152.9,669
2017-12,MS,5231.45,34
2017-12,MT,9017.2,49
2017-12,PA,10420.23,58
2017-12,PB,5585.56,37
2017-12,PE,15670.62,101
2017-12,PI,2646.92,23
2017-12,PR,29894.54,260
2017-12,RJ,112259.63,746
2017-12,RN,3168.45,30
2017-12,RO,1949.58,11
2017-12,RS,41904.95,278
2017-12,SC,24234.89,192
2017-12,SE,3147.78,20
2017-12,SP,274951.74,2295
2017-12,TO,1457.01,14
2018-01,AC,882.94,6
2018-01,AL,5009.28,36
2018-01,AM,2925.65,12
2018-01,AP,2393.67,11
2018-01,BA,36395.14,228
2018-01,CE,12064.16,77
2018-01,DF,17435.68,135
2018-01,ES,20095.42,145
2018-01,GO,16713.29,144
2018-01,MA,8706.52,55
2018-01,MG,113543.88,846
2018-01,MS,10100.76,70
2018-01,MT,10535.7,83
2018-01,PA,13987.87,69
2018-01,PB,6800.29,31
2018-01,PE,13942.63,102
2018-01,PI,6724.17,47
2018-01,PR,43998.6,371
2018-01,RJ,117268.05,850
2018-01,RN,5527.85,42
2018-01,RO,2286.76,20
2018-01,RR,129.0,1
2018-01,RS,46214.29,367
2018-01,SC,37192.63,311
2018-01,SE,3038.3,19
2018-01,SP,368611.43,2975
2018-01,TO,2121.04,16
2018-02,AC,201.83,3
2018-02,AL,4593.07,27
2018-02,AM,2028.62,8
2018-02,AP,1007.9,2
2018-02,BA,31583.02,208
2018-02,CE,9871.28,84
2018-02,DF,21145.48,170
2018-02,ES,16994.13,149
2018-02,GO,17702.23,146
2018-02,MA,9877.81,55
2018-02,MG,106746.23,790
2018-02,MS,8593.19,64
2018-02,MT,8172.69,67
2018-02,PA,8921.71,57
2018-02,PB,4750.8,35
2018-02,PE,16654.03,121
2018-02,PI,4210.82,32
2018-02,PR,44752.11,335
2018-02,RJ,110517.97,879
2018-02,RN,3204.87,23
2018-02,RO,1579.38,13
2018-02,RR,129.99,3
2018-02,RS,46360.01,363
2018-02,SC,31886.25,254
2018-02,SE,4486.91,15
2018-02,SP,307829.15,2632
2018-02,TO,2635.65,20
2018-03,AC,97.8,2
2018-03,AL,6406.95,27
2018-03,AM,973.16,8
2018-03,AP,535.39,5
2018-03,BA,34965.93,235
2018-03,CE,18155.89,93
2018-03,DF,20520.53,147
2018-03,ES,17172.77,133
2018-03,GO,18081.41,141
2018-03,MA,7913.76,49
2018-03,MG,114857.97,856
2018-03,MS,7009.98,57
2018-03,MT,8213.74,52
2018-03,PA,11937.21,67
2018-03,PB,6087.0,39
2018-03,PE,22702.39,107
2018-03,PI,6557.29,34
2018-03,PR,49983.31,369
2018-03,RJ,113062.84,864
2018-03,RN,7183.93,38
2018-03,RO,2726.89,13
2018-03,RR,1704.78,5
2018-03,RS,56068.4,407
2018-03,SC,36300.36,247
2018-03,SE,2528.42,17
2018-03,SP,377034.34,2971
2018-03,TO,4573.81,20
2018-04,AC,422.98,4
2018-04,AL,5956.23,27
2018-04,AM,667.79,6
2018-04,AP,822.7,5
2018-04,BA,30278.85,216
2018-04,CE,16421.94,96
2018-04,DF,18186.79,146
2018-04,ES,15564.57,140
2018-04,GO,18838.67,132
2018-04,MA,7929.93,46
2018-04,MG,109851.5,778
2018-04,MS,5875.85,43
2018-04,MT,11354.49,64
2018-04,PA,11155.98,66
2018-04,PB,4215.25,28
2018-04,PE,17071.61,110
2018-04,PI,10365.04,34
2018-04,PR,65914.88,381
2018-04,RJ,119055.34,807
2018-04,RN,6001.74,32
2018-04,RO,3499.77,11
2018-04,RR,712.65,2
2018-04,RS,50165.45,345
2018-04,SC,44555.86,245
2018-04,SE,3109.42,13
2018-04,SP,391246.99,3002
2018-04,TO,4291.82,19
2018-05,AC,1364.89,2
2018-05,AL,3657.09,19
2018-05,AM,1811.8,9
2018-05,AP,955.68,6
2018-05,BA,34970.44,237
2018-05,CE,11930.56,72
2018-05,DF,25182.6,140
2018-05,ES,18652.84,132
2018-05,GO,23905.25,136
2018-05,MA,7084.04,32
2018-05,MG,101778.35,751
2018-05,MS,9923.06,44
2018-05,MT,12261.85,66
2018-05,PA,7455.64,40
2018-05,PB,4860.44,29
2018-05,PE,13584.03,102
2018-05,PI,6675.71,30
2018-05,PR,46153.08,308
2018-05,RJ,124102.1,816
2018-05,RN,4233.02,22
2018-05,RO,2255.24,17
2018-05,RR,89.9,1
2018-05,RS,50501.55,350
2018-05,SC,35704.0,226
2018-05,SE,1083.18,8
2018-05,SP,424628.36,3138
2018-05,TO,2739.99,16
2018-06,AC,427.9,3
2018-06,AL,3730.6,24
2018-06,AM,924.72,7
2018-06,AP,167.48,2
2018-06,BA,34709.58,198
2018-06,CE,16240.42,72
2018-06,DF,19246.82,147
2018-06,ES,17102.96,123
2018-06,GO,14358.06,105
2018-06,MA,5909.48,41
2018-06,MG,105757.72,714
2018-06,MS,8887.25,49
2018-06,MT,10335.29,58
2018-06,PA,9358.21,54
2018-06,PB,12993.83,28
2018-06,PE,14231.94,91
2018-06,PI,4845.7,29
2018-06,PR,42211.86,306
2018-06,RJ,100123.89,707
2018-06,RN,6493.46,35
2018-06,RO,1921.57,11
2018-06,RR,1331.99,5
2018-06,RS,44093.83,304
2018-06,SC,32740.72,205
2018-06,SE,3286.22,25
2018-06,SP,340596.94,2738
2018-06,TO,4049.42,18
2018-07,AC,1469.97,4
2018-07,AL,3856.33,22
2018-07,AM,2004.91,18
2018-07,AP,1350.84,6
2018-07,BA,41869.01,245
2018-07,CE,13487.42,84
2018-07,DF,22685.44,165
2018-07,ES,30001.36,122
2018-07,GO,20503.3,112
2018-07,MA,5895.44,39
2018-07,MG,92328.16,644
2018-07,MS,6810.83,49
2018-07,MT,10599.64,47
2018-07,PA,13195.94,57
2018-07,PB,15188.68,51
2018-07,PE,24359.04,136
2018-07,PI,6933.47,32
2018-07,PR,45108.95,314
2018-07,RJ,97033.4,696
2018-07,RN,8415.43,29
2018-07,RO,4503.8,16
2018-07,RR,1514.7,5
2018-07,RS,39333.14,308
2018-07,SC,30923.99,195
2018-07,SE,4319.35,26
2018-07,SP,321647.25,2715
2018-07,TO,2613.67,22
2018-08,AC,446.69,3
2018-08,AL,2253.28,16
2018-08,AM,380.7,4
2018-08,AP,194.0,2
2018-08,BA,21113.85,159
2018-08,CE,9457.04,55
2018-08,DF,19881.6,143
2018-08,ES,16447.04,103
2018-08,GO,18028.99,117
2018-08,MA,4144.3,29
2018-08,MG,95308.39,700
2018-08,MS,5551.43,35
2018-08,MT,4619.24,39
2018-08,PA,8928.78,43
2018-08,PB,7669.63,28
2018-08,PE,11648.23,83
2018-08,PI,2923.23,20
2018-08,PR,38500.4,327
2018-08,RJ,93770.55,723
2018-08,RN,5236.37,20
2018-08,RO,2789.78,8
2018-08,RS,42844.47,293
2018-08,SC,32220.93,201
2018-08,SE,4558.04,23
2018-08,SP,387733.71,3164
2018-08,TO,1925.97,13
